{
  "start_time": 23.325424,
  "camera_info": {
    "Static": {
      "center": [
        63.403114,
        -9.327071
      ],
      "rotation": 0.0,
      "fov": 5.0000057
    }
  }
}