{
  "start_time": 18.436182,
  "camera_info": {
    "Static": {
      "center": [
        47.986977,
        -11.4601965
      ],
      "rotation": 0.0,
      "fov": 5.0000014
    }
  }
}