{
  "start_time": 35.51429,
  "camera_info": {
    "Static": {
      "center": [
        107.001366,
        -21.42416
      ],
      "rotation": 0.0,
      "fov": 5.0000005
    }
  }
}