{
  "start_time": 39.75708,
  "camera_info": {
    "Static": {
      "center": [
        29.718191,
        -15.481477
      ],
      "rotation": 0.0,
      "fov": 8.30539
    }
  }
}