{
  "start_time": 0.0,
  "camera_info": {
    "Static": {
      "center": [
        35.483646,
        -23.774302
      ],
      "rotation": 0.0,
      "fov": 3.0100963
    }
  }
}