{
  "start_time": 7.7422605,
  "camera_info": {
    "Static": {
      "center": [
        65.92304,
        -23.143549
      ],
      "rotation": 0.0,
      "fov": 4.583218
    }
  }
}